ALL, Credentials, SIP, Query
Access, Attribute, JVT
Access, Database
Account, Billing
Account, Service
Action, Cancel, KCI, Bulk, Inject
Action, Cancel, KCI, Single, Inject
Action, Compress
Action, Control, Interface
Action, Control, Manual
Action, Control, Mode
Action, Display, File, Status, Daily
Action, Entity, View
Action, Event, External, Inject
Action, File
Action, File, Display
Action, Files
Action, Global, Identify
Action, HDM
Action, Item, Order
Action, KCI28, Single, Inject
Action, KCI3, Bulk, Inject
Action, KCI3, Single, Inject
Action, List, Link, Report, Database
Action, Manual, Daily
Action, Order
Action, Order, Fail
Action, Order, Restart
Action, Order, Resume
Action, Registry, Reload
Action, Report, Database
Action, Resubmit
Action, Save
Action, Save, Status
Action, Status
Action, Store, And, Upload
Action, Success
Action, Table, Report, Database
Action, Validation, Interface
Adapter, Bean, JVT
Adapter, Bean, JVT, Account, Billing
Adapter, Bean, JVT, Account, Service
Adapter, Bean, JVT, Address
Adapter, Bean, JVT, Agent, Team, Sales
Adapter, Bean, JVT, Appointment
Adapter, Bean, JVT, Attribute, Entity, State, Order
Adapter, Bean, JVT, Attribute, Order
Adapter, Bean, JVT, Attribute, Order, Billing
Adapter, Bean, JVT, Attribute, Order, Fulfillment
Adapter, Bean, JVT, Attribute, Order, Goods
Adapter, Bean, JVT, Attribute, Order, Service
Adapter, Bean, JVT, Attribute, Order, Total
Adapter, Bean, JVT, Change, State, Order
Adapter, Bean, JVT, Check, Card
Adapter, Bean, JVT, Contact, Roled, Item, Order
Adapter, Bean, JVT, Contact, Roled, Item, Order, Billing
Adapter, Bean, JVT, Contact, Roled, Item, Order, Fulfillment
Adapter, Bean, JVT, Contact, Roled, Item, Order, Goods
Adapter, Bean, JVT, Contact, Roled, Item, Order, Service
Adapter, Bean, JVT, Contact, Roled, Item, Order, Total
Adapter, Bean, JVT, Control, Interface
Adapter, Bean, JVT, Credentials, SIP
Adapter, Bean, JVT, Entity, State, Order
Adapter, Bean, JVT, Entity, State, Order, Billing
Adapter, Bean, JVT, Entity, State, Order, Billing, Locking
Adapter, Bean, JVT, Entity, State, Order, Goods
Adapter, Bean, JVT, Entity, State, Order, Goods, Locking
Adapter, Bean, JVT, Entity, State, Order, Locking
Adapter, Bean, JVT, Entity, State, Order, Service
Adapter, Bean, JVT, Entity, State, Order, Service, Locking
Adapter, Bean, JVT, Entity, State, Order, Total
Adapter, Bean, JVT, Entity, State, Order, Total, Locking
Adapter, Bean, JVT, Entity, Stateful
Adapter, Bean, JVT, Entry, Fulfillment
Adapter, Bean, JVT, Feature, Item, Order
Adapter, Bean, JVT, Feature, Item, Order, Billing
Adapter, Bean, JVT, Feature, Item, Order, Fulfillment
Adapter, Bean, JVT, Feature, Item, Order, Goods
Adapter, Bean, JVT, Feature, Item, Order, Service
Adapter, Bean, JVT, Feature, Item, Order, Total
Adapter, Bean, JVT, File, BASOL
Adapter, Bean, JVT, Impairment
Adapter, Bean, JVT, Info, Timer
Adapter, Bean, JVT, Instructions, Payment
Adapter, Bean, JVT, Item, Order
Adapter, Bean, JVT, Item, Order, Billing
Adapter, Bean, JVT, Item, Order, Fulfillment
Adapter, Bean, JVT, Item, Order, Goods
Adapter, Bean, JVT, Item, Order, Service
Adapter, Bean, JVT, Item, Order, Total
Adapter, Bean, JVT, Map, Order, Fulfillment
Adapter, Bean, JVT, Mapping, SSN
Adapter, Bean, JVT, Note, Item, Order
Adapter, Bean, JVT, Note, Item, Order, Billing
Adapter, Bean, JVT, Note, Item, Order, Fulfillment
Adapter, Bean, JVT, Note, Item, Order, Goods
Adapter, Bean, JVT, Note, Item, Order, Service
Adapter, Bean, JVT, Note, Item, Order, Total
Adapter, Bean, JVT, Object, Storing
Adapter, Bean, JVT, Order
Adapter, Bean, JVT, Order, Billing
Adapter, Bean, JVT, Order, Fulfillment
Adapter, Bean, JVT, Order, Goods
Adapter, Bean, JVT, Order, Service
Adapter, Bean, JVT, Order, Supplier
Adapter, Bean, JVT, Order, Total
Adapter, Bean, JVT, Party
Adapter, Bean, JVT, Point, Service
Adapter, Bean, JVT, Reflective
Adapter, Bean, JVT, Requests, Disable, Interface
Address, Name
Agent, Team, Sales
All, Info, Timer, Query
Appender, OFS
Appointment
Archiver
Arguments, GC
Association, Fulfillment, Add
Associations, Fulfillment, Remove
Attribute, As, State, Store
Attribute, Entity, State, Order
Attribute, Order
Attribute, Order, Billing
Attribute, Order, Fulfillment
Attribute, Order, Goods
Attribute, Order, Service
Attribute, Order, Total
Attributes, Get
Base, Access, Attribute
Base, Action, KCI, Bulk, Inject
Base, Action, KCI, Single, Inject
Base, Adapter, Bean, JVT
Base, Bean, Publisher
Base, Bean, Subscriber, Event
Base, Client, Polling
Base, Controller, Model
Base, Descriptor, Property, Event
Base, Externaliser, Response, Order, Fulfillment
Base, Factory, Event
Base, Factory, JVT
Base, Factory, Proxy
Base, Generator, XML, Req, Reach, Open
Base, Handler, Timer
Base, Internaliser, Order, Fulfillment
Base, Key, Entity
Base, Key, Entity, Managed
Base, Lookup, Expander, Property
Base, Process
Base, Process
Base, Process
Base, Process
Base, Process
Base, Process, Event, Intermediate, Generate
Base, Process, Fulfillment, Do
Base, Process, Fulfillment, Start
Base, Process, Order, Child
Base, Process, Response, Order, Fulfillment
Base, Process, Strand, Fulfillment, Complete
Base, Process, Strand, Fulfillment, Resume
Base, Process, Strand, Fulfillment, Start
Base, Process, Strand, Resume
Base, Process, Supplier
Base, Query
Base, Registry
Base, Set, List, Key, Resolvable
Base, Transformer
Base, Transformer, BC, Ww, BT, Openreach
Base, Transport
Base, Type, Value
Base, Type, Value, Entity
Base, Value, Entity, Managed
Bean, Account, Billing
Bean, Account, Service
Bean, Address, Name
Bean, Agent, Team, Sales
Bean, Appointment
Bean, Attribute, Entity, State, Order
Bean, Attribute, Order
Bean, Attribute, Order, Billing
Bean, Attribute, Order, Fulfillment
Bean, Attribute, Order, Goods
Bean, Attribute, Order, Service
Bean, Attribute, Order, Total
Bean, Change, State, Order
Bean, Check, Card
Bean, Config, Ofs
Bean, Contact, Roled, Item, Order
Bean, Contact, Roled, Item, Order, Billing
Bean, Contact, Roled, Item, Order, Fulfillment
Bean, Contact, Roled, Item, Order, Goods
Bean, Contact, Roled, Item, Order, Service
Bean, Contact, Roled, Item, Order, Total
Bean, Control, Interface
Bean, Control, Registry
Bean, Controller, BOCFSM
Bean, Controller, Component
Bean, Controller, Event, Incoming
Bean, Controller, Event, Outgoing
Bean, Controller, FOCFSM
Bean, Controller, FSM
Bean, Controller, GOCFSM
Bean, Controller, PMF
Bean, Controller, SOCFSM
Bean, Controller, TOCFSM
Bean, Credentials, SIP
Bean, Data, Archive
Bean, Entity, Base
Bean, Entity, Locking
Bean, Entity, State, Order
Bean, Entity, State, Order, Billing
Bean, Entity, State, Order, Billing, Locking
Bean, Entity, State, Order, Goods
Bean, Entity, State, Order, Goods, Locking
Bean, Entity, State, Order, Locking
Bean, Entity, State, Order, Service
Bean, Entity, State, Order, Service, Locking
Bean, Entity, State, Order, Total
Bean, Entity, State, Order, Total, Locking
Bean, Entity, Stateful
Bean, Entry, Fulfillment
Bean, Feature, Item, Order
Bean, Feature, Item, Order, Billing
Bean, Feature, Item, Order, Fulfillment
Bean, Feature, Item, Order, Goods
Bean, Feature, Item, Order, Service
Bean, Feature, Item, Order, Total
Bean, File, BASOL
Bean, Impairment
Bean, Info, Timer
Bean, Instructions, Payment
Bean, Item, Order
Bean, Item, Order, Billing
Bean, Item, Order, Fulfillment
Bean, Item, Order, Goods
Bean, Item, Order, Service
Bean, Item, Order, Total
Bean, M
Bean, M, Management, OFS
Bean, Management, Product
Bean, Manager, Entity
Bean, Manager, Timer, Polling
Bean, Map, Item, Order, Fulfillment
Bean, Map, Order, Fulfillment
Bean, Mapping, SSN
Bean, Note, Item, Order
Bean, Note, Item, Order, Billing
Bean, Note, Item, Order, Fulfillment
Bean, Note, Item, Order, Goods
Bean, Note, Item, Order, Service
Bean, Note, Item, Order, Total
Bean, Object, Storing
Bean, Order
Bean, Order, Billing
Bean, Order, Fail
Bean, Order, Fulfillment
Bean, Order, Goods
Bean, Order, Restart
Bean, Order, Resubmit
Bean, Order, Resume
Bean, Order, Service
Bean, Order, Total
Bean, Order, View
Bean, Party
Bean, Point, Service
Bean, Publisher
Bean, Registry, Reload
Bean, Reports, Daily
Bean, Requests, Disable, Interface
Bean, Session, Base
Bean, Session, Entity, State, Order, JVT
Bean, Session, JVT
Bean, Session, Order, Billing, JVT
Bean, Session, Order, Fulfillment, JVT
Bean, Session, Order, Goods, JVT
Bean, Session, Order, JVT
Bean, Session, Order, Service, JVT
Bean, Session, Order, Supplier, JVT
Bean, Session, Order, Total, JVT
Bean, Subscriber, APIGEEIC
Bean, Subscriber, APIGEEOC
Bean, Subscriber, APIGWBOBIC
Bean, Subscriber, APIGWBOBOC
Bean, Subscriber, APIGWMPACCSIC
Bean, Subscriber, APIGWMPACCSOC
Bean, Subscriber, ASCIC
Bean, Subscriber, ASCOC
Bean, Subscriber, BBVOSSIC
Bean, Subscriber, BBVOSSOC
Bean, Subscriber, BOC
Bean, Subscriber, CIC
Bean, Subscriber, COC
Bean, Subscriber, DNPIC
Bean, Subscriber, DNPOC
Bean, Subscriber, ESBMCCIC
Bean, Subscriber, ESBMCCOC
Bean, Subscriber, ESBMPAIC
Bean, Subscriber, ESBMPAOC
Bean, Subscriber, ESBMUPIC
Bean, Subscriber, ESBMUPOC
Bean, Subscriber, ESBNAQIC
Bean, Subscriber, ESBNAQOC
Bean, Subscriber, Event
Bean, Subscriber, Event, Broadcast
Bean, Subscriber, Event, Call, Method
Bean, Subscriber, Event, Change, State, Order
Bean, Subscriber, Event, Error
Bean, Subscriber, FOC
Bean, Subscriber, GOC
Bean, Subscriber, Generic
Bean, Subscriber, IC, Sentry, OR
Bean, Subscriber, IIPMMDSIC
Bean, Subscriber, IIPMMDSOC
Bean, Subscriber, IIPMNSIC
Bean, Subscriber, IIPMNSOC
Bean, Subscriber, IIPMPACCSIC
Bean, Subscriber, IIPMPACCSOC
Bean, Subscriber, IIPMTPCIC
Bean, Subscriber, IIPMTPCOC
Bean, Subscriber, IIPMTPSIC
Bean, Subscriber, IIPMTPSOC
Bean, Subscriber, IIPNETGEMIC
Bean, Subscriber, IIPNETGEMOC
Bean, Subscriber, IIPORCSIC
Bean, Subscriber, IIPORCSOC
Bean, Subscriber, In, Sales, V
Bean, Subscriber, In, Supp, V
Bean, Subscriber, Input, MQ_
Bean, Subscriber, Input, MQ_, Inner
Bean, Subscriber, Input, Order, Sales, Siebel, One
Bean, Subscriber, Input, Order, Sales, View, One
Bean, Subscriber, Input, Order, Service, Reach, Open
Bean, Subscriber, Input, Order, Work, Siebel, One
Bean, Subscriber, Input, Order, Work, View, One
Bean, Subscriber, Input, PMF
Bean, Subscriber, Input, Response, CISP, Retail
Bean, Subscriber, MNMIC
Bean, Subscriber, MNMOC
Bean, Subscriber, MSEOIC
Bean, Subscriber, MSEOOC
Bean, Subscriber, OC, Sentry, OR
Bean, Subscriber, OSSIC, Nev
Bean, Subscriber, OSSOC, Nev
Bean, Subscriber, Out, Sales, V
Bean, Subscriber, Out, Supp, V
Bean, Subscriber, Output, Order, Sales, Siebel, One
Bean, Subscriber, Output, Order, Sales, View, One
Bean, Subscriber, Output, Order, Service, Reach, Open
Bean, Subscriber, Output, Order, Work, Siebel, One
Bean, Subscriber, Output, Order, Work, View, One
Bean, Subscriber, Output, PMF
Bean, Subscriber, Output, Request, CISP, Retail
Bean, Subscriber, PMF, MQ_
Bean, Subscriber, PMF, MQ_, Inner
Bean, Subscriber, RBSCIC
Bean, Subscriber, RBSCOC
Bean, Subscriber, RIC
Bean, Subscriber, ROC
Bean, Subscriber, SASIC
Bean, Subscriber, SASOC
Bean, Subscriber, SOC
Bean, Subscriber, TOC
Bean, Subscriber, TSGIC
Bean, Subscriber, TSGOC
Bean, Table, Control, Interface
Body, With, Delete, Http
Build, PPM
Builder, Order, Billing
Builder, Order, Child
Builder, Order, Goods
Builder, Order, Service
Builder, Order, Total
Builder, Response, Order
Category
Change, State, Order
Check, Card
Client, Control, Interface
Client, Orders, Outstanding
Client, Queue
Client, Registry, Reload
Client, Reports, Daily
Client, Transform
Cloner, Object
Code, Currency
Code, UOM
Comparator, JVT
Comparator, Name, State
Comparator, Name, State, From, Transition
Comparator, Value, Item, Order
Component, Viewer, Model
Condition
Condition, As, Attribute, Retrieve
Config, Logging, SI
Config, Ofs
Config, Reporter, Activity, JMS
Constants, Auth, O
Constants, GC
Constants, Packager
Constants, Process, Fulfillment
Contact, Roled, Item, Order
Contact, Roled, Item, Order, Billing
Contact, Roled, Item, Order, Fulfillment
Contact, Roled, Item, Order, Goods
Contact, Roled, Item, Order, Service
Contact, Roled, Item, Order, Total
Contains
Context, Process
Control, Interface
Control, Registry
Controller, Component
Controller, Event, Incoming
Controller, Event, Outgoing
Controller, FSM
Controller, Model
Controller, Model, BOC
Controller, Model, Event, Timeout
Controller, Model, FOC
Controller, Model, GOC
Controller, Model, SOC
Controller, Model, TOC
Controller, PMF
Credentials, SIP
Credentialskey, SIP
Data, Archive
Data, FSM
Data, Fulfillment
Data, User, By, Info, Timer, Query
Date, Appointment
Date, Calendar
Date, Current, Initialise
Day, Calendar
Definition, Process, Transition
Definition, Transition, State
Dependency, Process
Deployer, OFS
Descriptor, Property, Event
Descriptor, Property, Event, AAERAE, Service
Descriptor, Property, Event, BTWSTAA
Descriptor, Property, Event, CISP
Descriptor, Property, Event, Call, Method
Descriptor, Property, Event, Entity, State, Order
Descriptor, Property, Event, External
Descriptor, Property, Event, Fulfillment
Descriptor, Property, Event, Order
Descriptor, Property, Event, Order, Billing
Descriptor, Property, Event, Order, Fulfillment
Descriptor, Property, Event, Order, Goods
Descriptor, Property, Event, Order, Service
Descriptor, Property, Event, Order, Total
Descriptor, Property, Event, Payment
Descriptor, Property, Event, Request, Product
Descriptor, Property, Event, Response, Product
Descriptor, Property, Event, Vitria
Detail, Number
Details, Auth2, O
Details, Entity, Model
Document, Errors, Generate
Encode, Html
Encoder, State, Model
Encrypt, Base64
Entity, Base
Entity, Locking
Entity, State, Order
Entity, State, Order, Billing
Entity, State, Order, Billing, Locking
Entity, State, Order, Goods
Entity, State, Order, Goods, Locking
Entity, State, Order, Locking
Entity, State, Order, Service
Entity, State, Order, Service, Locking
Entity, State, Order, Total
Entity, State, Order, Total, Locking
Entity, Stateful
Entry, Calendar
Entry, Constant
Entry, Error
Entry, Factory
Entry, Fulfillment
Entry, Fulfillment
Entry, Fulfillment
Entry, Fulfillment, Locate
Entry, Map, Data
Entry, Map, Ordered
Entry, Set, Parameter
Entry, Statement, Callable
Errorable
Evaluator
Evaluator, Date
Evaluator, Dependency, Product
Event
Event, AAERAE, Service
Event, Accepted, Amendment
Event, Accepted, Amendment, Partial
Event, Accepted, Amendment, Partial, Fulfillment, Goods, Amendment
Event, Accepted, Amendment, Partial, Fulfillment, Service, Added, Value, Amendment
Event, Accepted, Amendment, Partial, Fulfillment, Service, Amendment
Event, Accepted, Amendment, Partial, Fulfillment, Total, Amendment
Event, Accepted, Fulfillment, Goods, Amendment
Event, Accepted, Fulfillment, Service, Added, Value, Amendment
Event, Accepted, Fulfillment, Service, Amendment
Event, Accepted, Fulfillment, Total, Amendment
Event, Accepted, Order, Billing, Amendment
Event, Accepted, Order, Goods, Amendment
Event, Accepted, Order, Service, Amendment
Event, Accepted, Order, Total, Amendment
Event, Accepted, Partial, Order, Billing, Amendment
Event, Accepted, Partial, Order, Goods, Amendment
Event, Accepted, Partial, Order, Service, Amendment
Event, Accepted, Partial, Order, Total, Amendment
Event, Call, Method
Event, Change, Attribute, Order
Event, Change, State
Event, Change, State, Insert
Event, Change, State, Order
Event, Change, State, Order, Billing
Event, Change, State, Order, Fulfillment
Event, Change, State, Order, Goods
Event, Change, State, Order, Service
Event, Change, State, Order, Supplier
Event, Change, State, Order, Total
Event, Change, State, Order, Work
Event, Change, State, Service, Added, Value
Event, Check, Card, Start
Event, Complete, Amendment
Event, Complete, Amendment, Billing
Event, Complete, Amendment, Goods
Event, Complete, Amendment, Service
Event, Complete, Amendment, Service, Added, Value
Event, Complete, Amendment, Total
Event, Complete, Fulfillment
Event, Complete, Fulfillment, Billing
Event, Complete, Fulfillment, Goods
Event, Complete, Fulfillment, Service
Event, Complete, Fulfillment, Total
Event, Create, Order
Event, Create, Order, Fulfillment
Event, Entity, State, Order, Create
Event, Exception, BTWSTAA
Event, Exception, CISP
Event, Exception, Event
Event, Exception, Order, Service, BTWSTAA
Event, Exception, Order, Service, CISP
Event, Exception, Service
Event, Exception, Service, ADSL
Event, Exception, Vitria
Event, External
Event, External, Insert
Event, Fulfillment
Event, Fulfillment, Amendment
Event, Fulfillment, Billing, Amendment
Event, Fulfillment, Billing, Recovery
Event, Fulfillment, Billing, Resume
Event, Fulfillment, Billing, Start
Event, Fulfillment, Goods, Amendment
Event, Fulfillment, Goods, Recovery
Event, Fulfillment, Goods, Resume
Event, Fulfillment, Goods, Start
Event, Fulfillment, Recovery
Event, Fulfillment, Resume
Event, Fulfillment, Service, Added, Value, Amendment
Event, Fulfillment, Service, Added, Value, Recovery
Event, Fulfillment, Service, Added, Value, Resume
Event, Fulfillment, Service, Added, Value, Start
Event, Fulfillment, Service, Amendment
Event, Fulfillment, Service, Recovery
Event, Fulfillment, Service, Resume
Event, Fulfillment, Service, Start
Event, Fulfillment, Start
Event, Fulfillment, Total, Amendment
Event, Fulfillment, Total, Recovery
Event, Fulfillment, Total, Resume
Event, Fulfillment, Total, Start
Event, Fulfillment, Work, Amendment
Event, Fulfillment, Work, Recovery
Event, Fulfillment, Work, Resume
Event, Fulfillment, Work, Start
Event, Insert
Event, Intermediate, Fulfillment
Event, Intermediate, Fulfillment, Billing
Event, Intermediate, Fulfillment, Goods
Event, Intermediate, Fulfillment, Service
Event, Intermediate, Fulfillment, Total
Event, Intermediate, Fulfillment, Work
Event, Model, Fulfillment, Restart
Event, Model, Fulfillment, Start
Event, Model, Master, Start
Event, Order, Billing
Event, Order, Billing, Abort
Event, Order, Billing, Amendment
Event, Order, Billing, Create
Event, Order, Billing, Fail
Event, Order, Billing, Recovery
Event, Order, Billing, Restart
Event, Order, Billing, Resume
Event, Order, Billing, Start
Event, Order, Billing, Start, And, Create
Event, Order, Billing, Suspend
Event, Order, Fulfillment
Event, Order, Fulfillment, Abort
Event, Order, Fulfillment, Create
Event, Order, Fulfillment, Fail
Event, Order, Fulfillment, Master, Fail
Event, Order, Fulfillment, Master, Restart
Event, Order, Fulfillment, Restart
Event, Order, Fulfillment, Start
Event, Order, Fulfillment, Start, And, Create
Event, Order, Goods
Event, Order, Goods, Abort
Event, Order, Goods, Amendment
Event, Order, Goods, Create
Event, Order, Goods, Fail
Event, Order, Goods, Recovery
Event, Order, Goods, Restart
Event, Order, Goods, Resume
Event, Order, Goods, Start
Event, Order, Goods, Start, And, Create
Event, Order, Goods, Suspend
Event, Order, Service
Event, Order, Service, Abort
Event, Order, Service, Amendment
Event, Order, Service, Create
Event, Order, Service, Fail
Event, Order, Service, Recovery
Event, Order, Service, Restart
Event, Order, Service, Resume
Event, Order, Service, Start
Event, Order, Service, Start, And, Create
Event, Order, Service, Suspend
Event, Order, Total
Event, Order, Total, Abort
Event, Order, Total, Amendment
Event, Order, Total, Create
Event, Order, Total, Fail
Event, Order, Total, Recovery
Event, Order, Total, Restart
Event, Order, Total, Resume
Event, Order, Total, Start
Event, Order, Total, Start, And, Create
Event, Order, Total, Suspend
Event, Rejected, Amendment
Event, Rejected, Fulfillment, Goods, Amendment
Event, Rejected, Fulfillment, Service, Added, Value, Amendment
Event, Rejected, Fulfillment, Service, Amendment
Event, Rejected, Fulfillment, Total, Amendment
Event, Rejected, Order, Billing, Amendment
Event, Rejected, Order, Goods, Amendment
Event, Rejected, Order, Service, Amendment
Event, Rejected, Order, Total, Amendment
Event, Remove, Order
Event, Request
Event, Request, Check, Card
Event, Request, Order, Billing
Event, Request, Order, Fulfillment
Event, Request, Order, Goods
Event, Request, Order, Service
Event, Request, Order, Total
Event, Request, Product
Event, Request, Service, ADSL
Event, Request, Supplier
Event, Response
Event, Response, Check, Card
Event, Response, Order
Event, Response, Order, Billing
Event, Response, Order, Billing, Insert
Event, Response, Order, Fulfillment
Event, Response, Order, Goods
Event, Response, Order, Service
Event, Response, Order, Total
Event, Response, Order, Total, Insert
Event, Response, Product
Event, Response, Service, ADSL
Event, Result, Check, Card
Event, Timeout
Exception, Adapter, Bean, JVT
Exception, Application
Exception, Argument, Illegal, Logged
Exception, Control, Interface
Exception, Control, Registry
Exception, Controller, Event
Exception, Event, Insert
Exception, Event, To, XML
Exception, Event, Unknown
Exception, Execution, Process
Exception, Expression, Logical, Invalid
Exception, Found, Not, Object, Logged
Exception, Fulfillment, PMS
Exception, Fulfillment, Strand
Exception, Fulfilment, Order
Exception, Handler, Lock
Exception, Hierarchy, Supplier
Exception, Interface
Exception, Load, Registry
Exception, Logged
Exception, Lookup, Mapping
Exception, Management, OFS
Exception, Map, Data
Exception, Map, Value
Exception, Model, State
Exception, Nested
Exception, Order, Fail
Exception, Order, Restart
Exception, Order, Restart
Exception, Order, Resubmit
Exception, Order, Resume
Exception, Order, View
Exception, Packager
Exception, Polling
Exception, Purge, Archive
Exception, Query
Exception, Registry, Reload
Exception, Reports, Daily
Exception, Retry, Transport
Exception, State, Illegal
Exception, State, Invalid
Exception, Timer
Exception, Transformer
Exception, Transport
Exception, Viewer, Model
Executor, Csv
Executor, Jdbc
Executor, Query
Expander, File
Expander, File
Expander, File
Expander, Property
Expired, By, Info, Timer, Query
Expression, Logical
Externaliser
Externaliser, Event, Change, Status, Order
Externaliser, Number, Activate, Port, AIB
Externaliser, Order, Billing
Externaliser, Order, Fulfillment, AIB
Externaliser, Order, Fulfillment, Siebel
Externaliser, Order, Fulfillment, Siebel, One
Externaliser, Order, Fulfillment, View, One
Externaliser, Order, Goods
Externaliser, Order, Service
Externaliser, Order, Total
Externaliser, Output, Order, Sales, BTOBSG
Externaliser, Request, Check, Card
Externaliser, Request, Order, BALMBOC
Externaliser, Request, Order, BALMFR
Externaliser, Request, Order, Billing, BAL
Externaliser, Request, Order, CISP, Retail
Externaliser, Request, Order, FVA, Reach, Open
Externaliser, Request, Order, Goods, ASC
Externaliser, Request, Order, Goods, ESBMSC
Externaliser, Request, Order, MSEO
Externaliser, Request, Order, RCFCR, Reach, Open
Externaliser, Request, Order, SBS, Reach, Open
Externaliser, Request, Order, Service, APIGEE
Externaliser, Request, Order, Service, APIGWBOB
Externaliser, Request, Order, Service, APIGWMPACCS
Externaliser, Request, Order, Service, BAFTA
Externaliser, Request, Order, Service, BC, Ww, BT
Externaliser, Request, Order, Service, CMI
Externaliser, Request, Order, Service, DNP
Externaliser, Request, Order, Service, ESBMCC
Externaliser, Request, Order, Service, ESBMHHS
Externaliser, Request, Order, Service, ESBMIF
Externaliser, Request, Order, Service, ESBMMD
Externaliser, Request, Order, Service, ESBMPA
Externaliser, Request, Order, Service, ESBMSS
Externaliser, Request, Order, Service, ESBMUP
Externaliser, Request, Order, Service, ESBNAQ
Externaliser, Request, Order, Service, ESBORDSSRM
Externaliser, Request, Order, Service, FLOW
Externaliser, Request, Order, Service, IIPMAL
Externaliser, Request, Order, Service, IIPMMDS
Externaliser, Request, Order, Service, IIPMNS
Externaliser, Request, Order, Service, IIPMPACCS
Externaliser, Request, Order, Service, IIPMTPC
Externaliser, Request, Order, Service, IIPMTPS
Externaliser, Request, Order, Service, IIPNETGEM
Externaliser, Request, Order, Service, IIPORCS
Externaliser, Request, Order, Service, ISDN
Externaliser, Request, Order, Service, ISDN2e
Externaliser, Request, Order, Service, KCIM
Externaliser, Request, Order, Service, MCSO
Externaliser, Request, Order, Service, MDD
Externaliser, Request, Order, Service, MET
Externaliser, Request, Order, Service, METB
Externaliser, Request, Order, Service, MNM
Externaliser, Request, Order, Service, MNP
Externaliser, Request, Order, Service, MNUM
Externaliser, Request, Order, Service, MTPA
Externaliser, Request, Order, Service, OSCAR
Externaliser, Request, Order, Service, RBSC
Externaliser, Request, Order, Service, Reach, Open
Externaliser, Request, Order, Service, SAS
Externaliser, Request, Order, Service, Sentry, OR
Externaliser, Request, Order, Service, TSG
Externaliser, Request, Order, Service, UESCD
Externaliser, Request, Order, Total, AIB
Externaliser, Request, Order, Work
Externaliser, Request, Service, Added, Value, BTWSTAA
Externaliser, Request, Service, BBVOSS
Externaliser, Request, Service, CISP
Externaliser, Request, Service, OSS, Nev, BT
Externaliser, Request, Service, RIOSS
Externaliser, Response, Order, Fulfillment
Externaliser, Response, PMF
Factory, Account
Factory, Account, Billing
Factory, Account, Service
Factory, Agent, Team, Sales
Factory, Appointment
Factory, Change, State, Order
Factory, Connection, Database
Factory, Connection, Direct, Remote
Factory, Connection, Jndi, Local
Factory, Control, Interface
Factory, Credentials, SIP
Factory, EVT, Side, Server
Factory, Entity, State, Order
Factory, Entity, State, Order, Billing
Factory, Entity, State, Order, Billing, Locking
Factory, Entity, State, Order, Goods
Factory, Entity, State, Order, Goods, Locking
Factory, Entity, State, Order, Locking
Factory, Entity, State, Order, Service
Factory, Entity, State, Order, Service, Locking
Factory, Entity, State, Order, Total
Factory, Entity, State, Order, Total, Locking
Factory, Event
Factory, Event
Factory, Event, Check, Card
Factory, Event, JMS
Factory, Event, Machine, State
Factory, Event, Order, Amendment, Fulfillment
Factory, Event, Order, Billing
Factory, Event, Order, Fulfillment
Factory, Event, Order, General
Factory, Event, Order, Goods
Factory, Event, Order, Recovery, Fulfillment
Factory, Event, Order, Service
Factory, Event, Order, Total
Factory, Event, PMF
Factory, File, BASOL
Factory, Fulfillment
Factory, Home, EJB
Factory, Impairment
Factory, Info, Timer
Factory, JVT
Factory, Key, Entity, Managed
Factory, Key, Primary
Factory, Key, Primary, Long
Factory, Mapping, SSN
Factory, Object, Storing
Factory, Operator
Factory, Order
Factory, Order, Billing
Factory, Order, Fulfillment
Factory, Order, Goods
Factory, Order, Service
Factory, Order, Total
Factory, Party
Factory, Payment
Factory, Point, Service
Factory, Product
Factory, Proxy, Access, Attribute
Factory, Proxy, Descriptor, Property, Event
Factory, Proxy, Factory, JVT
Factory, Proxy, Key, Entity, Managed
Factory, Proxy, Value, Entity, Managed
Factory, Requests, Disable, Interface
Factory, Response, Order
Factory, Stub, EJB
Factory, Util, Base, Data
Factory, Utility
Feature, Item, Order
Feature, Item, Order, Billing
Feature, Item, Order, Fulfillment
Feature, Item, Order, Goods
Feature, Item, Order, Service
Feature, Item, Order, Total
Feature, Sales, Update
Features, Get
Features, Product, Add
Field, Dynamic
File, BASOL
File, Compress
File, Constants, Parse
File, Errors, Parse
File, Parse
File, Plain
File, Rules
Filter, Mapping, PPM
Filter, Model, PPM
Form, Cancel, KCI, Bulk, Inject
Form, Cancel, KCI, Single, Inject
Form, Control, Interface
Form, Control, Manual
Form, Control, Mode
Form, Entity, View
Form, Event, External, Inject
Form, Files
Form, HDM
Form, KCI, Bulk, Inject
Form, KCI, Single, Inject
Form, KCI28, Single, Inject
Form, KCI3, Bulk, Inject
Form, KCI3, Single, Inject
Form, List, Link, Report, Database
Form, Reload, Registry
Form, Report, Database
Form, Status
Form, Store, And, Upload
Form, Validation, Interface
Formatter, Base
Formatter, Csv
Formatter, Html
Formatter, Orders, Outstanding
Formatter, Query
Formatter, Storing
Formatter, Width, Fixed
Formatter, XML
Frame, Model, Display
Frame, Table, Results, Query
Fulfillment, Select
Function
Function, Mapping
Generator, Report
Generator, XML, Req, Order, Add, ISDN
Generator, XML, Request, BC, Ww, BT
Generator, XML, Request, Cancel, Amend
Generator, XML, Request, Cancel, Amend, BC, Ww, BT
Generator, XML, Request, Cancel, Amend, ISDN
Generator, XML, Request, FVA, Reach, Open
Generator, XML, Request, ISDN
Generator, XML, Request, ISDN2e
Generator, XML, Request, Order, Add
Generator, XML, Request, Order, Add, BC, Ww, BT
Generator, XML, Request, Order, Add, ISDN2e
Generator, XML, Request, Order, Add, MLA
Generator, XML, Request, Order, Cancel, Amend, ISDN2e
Generator, XML, Request, RCFCR, Reach, Open
Generator, XML, Request, Reach, Open
Generator, XML, Request, SBS, Reach, Open
Generator, XML, To, Template
Generator, XML, To, Template, Inner
Handler, Invocation, Access, Attribute
Handler, Invocation, Descriptor, Property, Event
Handler, Invocation, Factory, JVT
Handler, Invocation, Key, Entity, Managed
Handler, Invocation, Value, Entity, Managed
Handler, Lock
Handler, Lock, Bean, Controller, FSM
Handler, Operator
Handler, Progress
Handler, State
Handler, State, Controller, FSM
Handler, Timer
Handler, Timer, Controller, FSM
Helper, Bean, M
Helper, Exception
Helper, Invocation, Dynamic
Hierarchy, Target, Attach
History, Order
History, State, Order
Holder, Key, Order
Home, Account, Billing
Home, Account, Service
Home, Address, Name
Home, Agent, Team, Sales
Home, Appointment
Home, Attribute, Entity, State, Order
Home, Attribute, Order
Home, Attribute, Order, Billing
Home, Attribute, Order, Fulfillment
Home, Attribute, Order, Goods
Home, Attribute, Order, Service
Home, Attribute, Order, Total
Home, Change, State, Order
Home, Check, Card
Home, Config, Ofs
Home, Contact, Roled, Item, Order
Home, Contact, Roled, Item, Order, Billing
Home, Contact, Roled, Item, Order, Fulfillment
Home, Contact, Roled, Item, Order, Goods
Home, Contact, Roled, Item, Order, Service
Home, Contact, Roled, Item, Order, Total
Home, Control, Interface
Home, Control, Registry
Home, Controller, Component
Home, Controller, Event, Incoming
Home, Controller, Event, Outgoing
Home, Controller, FSM
Home, Controller, PMF
Home, Credentials, SIP
Home, Data, Archive
Home, Entity, State, Order
Home, Entity, State, Order, Billing
Home, Entity, State, Order, Billing, Locking
Home, Entity, State, Order, Goods
Home, Entity, State, Order, Goods, Locking
Home, Entity, State, Order, JVT
Home, Entity, State, Order, Locking
Home, Entity, State, Order, Service
Home, Entity, State, Order, Service, Locking
Home, Entity, State, Order, Total
Home, Entity, State, Order, Total, Locking
Home, Entity, Stateful
Home, Entry, Fulfillment
Home, Feature, Item, Order
Home, Feature, Item, Order, Billing
Home, Feature, Item, Order, Fulfillment
Home, Feature, Item, Order, Goods
Home, Feature, Item, Order, Service
Home, Feature, Item, Order, Total
Home, File, BASOL
Home, Impairment
Home, Info, Timer
Home, Instructions, Payment
Home, Item, Order
Home, Item, Order, Billing
Home, Item, Order, Fulfillment
Home, Item, Order, Goods
Home, Item, Order, Service
Home, Item, Order, Total
Home, Management, Product
Home, Manager, Entity
Home, Manager, Timer, Polling
Home, Map, Item, Order, Fulfillment
Home, Map, Order, Fulfillment
Home, Mapping, SSN
Home, Note, Item, Order
Home, Note, Item, Order, Billing
Home, Note, Item, Order, Fulfillment
Home, Note, Item, Order, Goods
Home, Note, Item, Order, Service
Home, Note, Item, Order, Total
Home, Object, Storing
Home, Order
Home, Order, Billing
Home, Order, Billing, JVT
Home, Order, Fail
Home, Order, Fulfillment
Home, Order, Fulfillment, JVT
Home, Order, Goods
Home, Order, Goods, JVT
Home, Order, JVT
Home, Order, Restart
Home, Order, Resubmit
Home, Order, Resume
Home, Order, Service
Home, Order, Service, JVT
Home, Order, Supplier, JVT
Home, Order, Total
Home, Order, Total, JVT
Home, Order, View
Home, Party
Home, Point, Service
Home, Publisher
Home, Registry, Reload
Home, Remote, Controller, Component
Home, Remote, Controller, FSM
Home, Remote, Controller, PMF
Home, Remote, Manager, Entity
Home, Remote, Manager, Timer, Polling
Home, Remote, Publisher
Home, Reports, Daily
Home, Requests, Disable, Interface
Home, Table, Control, Interface
ID, Catalog, And, ID, Supplier, Type, Fulfillment, With, Entrys, Fulfillment, Query
ID, Catalog, And, ID, Supplier, Type, Key, Order, Fulfillment, With, Entrys, Fulfillment, Query
ID, Catalog, And, Type, Key, Order, Fulfillment, With, Entrys, Fulfillment, Query
ID, Check, Card, With, Checks, Card, Query
ID, Client, And, Reference, Order, Customer, With, Orders, Fulfillment, Query
ID, Entity, Encoded
ID, Order, Client, Only, With, Orders, Fulfillment, Query
ID, Order, Client, With, Orders, Billing, Query
ID, Order, Client, With, Orders, Fulfillment, Query
ID, Order, Client, With, Orders, Goods, Query
ID, Order, Client, With, Orders, Service, Query
ID, Order, Client, With, Orders, Total, Query
ID, Order, Supplier, With, Orders, Billing, Query
ID, Order, Supplier, With, Orders, Goods, Query
ID, Order, Supplier, With, Orders, Service, Query
ID, Order, Supplier, With, Orders, Total, Query
ID, Supplier, And, ID, Order, Client, With, Orders, Billing, Query
ID, Supplier, And, ID, Order, Client, With, Orders, Goods, Query
ID, Supplier, And, ID, Order, Client, With, Orders, Service, Query
ID, Supplier, And, ID, Order, Client, With, Orders, Total, Query
ID, Supplier, And, ID, Order, Supplier, With, Orders, Billing, Query
ID, Supplier, And, ID, Order, Supplier, With, Orders, Goods, Query
ID, Supplier, And, ID, Order, Supplier, With, Orders, Service, Query
ID, Supplier, And, ID, Order, Supplier, With, Orders, Total, Query
ID, Supplier, And, Type, Key, Order, Fulfillment, With, Entrys, Fulfillment, Query
Ids, List
Impairment
Impl, Context, Application
Impl, Evaluator, Boolean
Impl, Evaluator, Dependency, Product
Impl, Event
Impl, Event, AAERAE, Service
Impl, Event, Accepted, Amendment
Impl, Event, Accepted, Amendment, Partial
Impl, Event, Accepted, Amendment, Partial, Fulfillment, Goods, Amendment
Impl, Event, Accepted, Amendment, Partial, Fulfillment, Service, Added, Value, Amendment
Impl, Event, Accepted, Amendment, Partial, Fulfillment, Service, Amendment
Impl, Event, Accepted, Amendment, Partial, Fulfillment, Total, Amendment
Impl, Event, Accepted, Fulfillment, Goods, Amendment
Impl, Event, Accepted, Fulfillment, Service, Added, Value, Amendment
Impl, Event, Accepted, Fulfillment, Service, Amendment
Impl, Event, Accepted, Fulfillment, Total, Amendment
Impl, Event, Accepted, Order, Goods, Amendment
Impl, Event, Accepted, Order, Service, Amendment
Impl, Event, Accepted, Order, Total, Amendment
Impl, Event, Accepted, Partial, Order, Goods, Amendment
Impl, Event, Accepted, Partial, Order, Service, Amendment
Impl, Event, Accepted, Partial, Order, Total, Amendment
Impl, Event, Call, Method
Impl, Event, Change, Attribute, Order
Impl, Event, Change, State, Order
Impl, Event, Change, State, Order, Billing
Impl, Event, Change, State, Order, Fulfillment
Impl, Event, Change, State, Order, Goods
Impl, Event, Change, State, Order, Service
Impl, Event, Change, State, Order, Supplier
Impl, Event, Change, State, Order, Total
Impl, Event, Change, State, Order, Work
Impl, Event, Change, State, Service, Added, Value
Impl, Event, Complete, Amendment
Impl, Event, Complete, Amendment, Goods
Impl, Event, Complete, Amendment, Service
Impl, Event, Complete, Amendment, Service, Added, Value
Impl, Event, Complete, Amendment, Total
Impl, Event, Complete, Fulfillment
Impl, Event, Complete, Fulfillment, Billing
Impl, Event, Complete, Fulfillment, Goods
Impl, Event, Complete, Fulfillment, Service
Impl, Event, Complete, Fulfillment, Total
Impl, Event, Create, Order
Impl, Event, Create, Order, Fulfillment
Impl, Event, Entity, State, Order, Create
Impl, Event, Exception, BTWSTAA
Impl, Event, Exception, CISP
Impl, Event, Exception, Event
Impl, Event, Exception, Order, Service, BTWSTAA
Impl, Event, Exception, Order, Service, CISP
Impl, Event, Exception, Service
Impl, Event, Exception, Service, ADSL
Impl, Event, Exception, Vitria
Impl, Event, External
Impl, Event, Fulfillment
Impl, Event, Fulfillment, Amendment
Impl, Event, Fulfillment, Billing, Recovery
Impl, Event, Fulfillment, Billing, Resume
Impl, Event, Fulfillment, Billing, Start
Impl, Event, Fulfillment, Goods, Amendment
Impl, Event, Fulfillment, Goods, Recovery
Impl, Event, Fulfillment, Goods, Resume
Impl, Event, Fulfillment, Goods, Start
Impl, Event, Fulfillment, Recovery
Impl, Event, Fulfillment, Resume
Impl, Event, Fulfillment, Service, Added, Value, Amendment
Impl, Event, Fulfillment, Service, Added, Value, Recovery
Impl, Event, Fulfillment, Service, Addes, Value, Resume
Impl, Event, Fulfillment, Service, Addes, Value, Start
Impl, Event, Fulfillment, Service, Amendment
Impl, Event, Fulfillment, Service, Recovery
Impl, Event, Fulfillment, Service, Resume
Impl, Event, Fulfillment, Service, Start
Impl, Event, Fulfillment, Start
Impl, Event, Fulfillment, Total, Amendment
Impl, Event, Fulfillment, Total, Recovery
Impl, Event, Fulfillment, Total, Resume
Impl, Event, Fulfillment, Total, Start
Impl, Event, Fulfillment, Work, Recovery
Impl, Event, Fulfillment, Work, Start
Impl, Event, Intermediate, Fulfillment
Impl, Event, Intermediate, Fulfillment, Billing
Impl, Event, Intermediate, Fulfillment, Goods
Impl, Event, Intermediate, Fulfillment, Service
Impl, Event, Intermediate, Fulfillment, Total
Impl, Event, Model, Fulfillment, Restart
Impl, Event, Model, Fulfillment, Start
Impl, Event, Model, Master, Start
Impl, Event, Order, Billing
Impl, Event, Order, Billing, Abort
Impl, Event, Order, Billing, Amendment
Impl, Event, Order, Billing, Continue
Impl, Event, Order, Billing, Create
Impl, Event, Order, Billing, Fail
Impl, Event, Order, Billing, Recovery
Impl, Event, Order, Billing, Restart
Impl, Event, Order, Billing, Resume
Impl, Event, Order, Billing, Start
Impl, Event, Order, Billing, Start, And, Create
Impl, Event, Order, Billing, Suspend
Impl, Event, Order, Fulfillment
Impl, Event, Order, Fulfillment, Create
Impl, Event, Order, Fulfillment, Fail
Impl, Event, Order, Fulfillment, Master, Fail
Impl, Event, Order, Fulfillment, Master, Restart
Impl, Event, Order, Fulfillment, Restart
Impl, Event, Order, Fulfillment, Start
Impl, Event, Order, Fulfillment, Start, And, Create
Impl, Event, Order, Goods
Impl, Event, Order, Goods, Abort
Impl, Event, Order, Goods, Amendment
Impl, Event, Order, Goods, Create
Impl, Event, Order, Goods, Fail
Impl, Event, Order, Goods, Recovery
Impl, Event, Order, Goods, Restart
Impl, Event, Order, Goods, Resume
Impl, Event, Order, Goods, Start
Impl, Event, Order, Goods, Start, And, Create
Impl, Event, Order, Goods, Suspend
Impl, Event, Order, Servcie, Recovery
Impl, Event, Order, Service
Impl, Event, Order, Service, Abort
Impl, Event, Order, Service, Amendment
Impl, Event, Order, Service, Create
Impl, Event, Order, Service, Fail
Impl, Event, Order, Service, Restart
Impl, Event, Order, Service, Resume
Impl, Event, Order, Service, Start
Impl, Event, Order, Service, Start, And, Create
Impl, Event, Order, Service, Suspend
Impl, Event, Order, Total
Impl, Event, Order, Total, Abort
Impl, Event, Order, Total, Amendment
Impl, Event, Order, Total, Create
Impl, Event, Order, Total, Fail
Impl, Event, Order, Total, Recovery
Impl, Event, Order, Total, Restart
Impl, Event, Order, Total, Resume
Impl, Event, Order, Total, Start
Impl, Event, Order, Total, Start, And, Create
Impl, Event, Order, Total, Suspend
Impl, Event, Rejected, Amendment
Impl, Event, Rejected, Fulfillment, Goods, Amendment
Impl, Event, Rejected, Fulfillment, Service, Added, Value, Amendment
Impl, Event, Rejected, Fulfillment, Service, Amendment
Impl, Event, Rejected, Fulfillment, Total, Amendment
Impl, Event, Rejected, Order, Goods, Amendment
Impl, Event, Rejected, Order, Service, Amendment
Impl, Event, Rejected, Order, Total, Amendment
Impl, Event, Remove, Order
Impl, Event, Request
Impl, Event, Request, Order, Billing
Impl, Event, Request, Order, Fulfillment
Impl, Event, Request, Order, Goods
Impl, Event, Request, Order, Service
Impl, Event, Request, Order, Total
Impl, Event, Request, Product
Impl, Event, Request, Supplier
Impl, Event, Response
Impl, Event, Response, Check, Card
Impl, Event, Response, Order
Impl, Event, Response, Order, Billing
Impl, Event, Response, Order, Fulfillment
Impl, Event, Response, Order, Goods
Impl, Event, Response, Order, Service
Impl, Event, Response, Order, Total
Impl, Event, Response, Product
Impl, Event, Result, Check, Card
Impl, Event, Timeout
Impl, Factory, Account
Impl, Factory, Account, Billing
Impl, Factory, Account, Service
Impl, Factory, Agent, Team, Sales
Impl, Factory, Appointment
Impl, Factory, Change, State, Order
Impl, Factory, Control, Interface
Impl, Factory, Credentials, SIP
Impl, Factory, EVT, Side, Server
Impl, Factory, Entity, State, Order
Impl, Factory, Entity, State, Order, Billing
Impl, Factory, Entity, State, Order, Billing, Locking
Impl, Factory, Entity, State, Order, Goods
Impl, Factory, Entity, State, Order, Goods, Locking
Impl, Factory, Entity, State, Order, Locking
Impl, Factory, Entity, State, Order, Service
Impl, Factory, Entity, State, Order, Service, Locking
Impl, Factory, Entity, State, Order, Total
Impl, Factory, Entity, State, Order, Total, Locking
Impl, Factory, Event
Impl, Factory, Event, Check, Card
Impl, Factory, Event, JMS
Impl, Factory, Event, Machine, State
Impl, Factory, Event, Order, Amendment, Fulfillment
Impl, Factory, Event, Order, Billing
Impl, Factory, Event, Order, Fulfillment
Impl, Factory, Event, Order, General
Impl, Factory, Event, Order, Goods
Impl, Factory, Event, Order, Recovery, Fulfillment
Impl, Factory, Event, Order, Service
Impl, Factory, Event, Order, Total
Impl, Factory, Event, PMF
Impl, Factory, File, BASOL
Impl, Factory, Fulfillment
Impl, Factory, Impairment
Impl, Factory, Info, Timer
Impl, Factory, Key, Account, Billing
Impl, Factory, Key, Account, Service
Impl, Factory, Key, Address
Impl, Factory, Key, Agent, Team, Sales
Impl, Factory, Key, Appointment
Impl, Factory, Key, Attribute, Entity, State, Order
Impl, Factory, Key, Attribute, Order, Billing
Impl, Factory, Key, Attribute, Order, Fulfillment
Impl, Factory, Key, Attribute, Order, Goods
Impl, Factory, Key, Attribute, Order, Service
Impl, Factory, Key, Attribute, Order, Total
Impl, Factory, Key, Change, State, Order
Impl, Factory, Key, Check, Card
Impl, Factory, Key, Contact, Roled, Item, Order, Billing
Impl, Factory, Key, Contact, Roled, Item, Order, Fulfillment
Impl, Factory, Key, Contact, Roled, Item, Order, Goods
Impl, Factory, Key, Contact, Roled, Item, Order, Service
Impl, Factory, Key, Contact, Roled, Item, Order, Total
Impl, Factory, Key, Control, Interface
Impl, Factory, Key, Credentials, SIP
Impl, Factory, Key, Entity, State, Order
Impl, Factory, Key, Entity, State, Order, Billing
Impl, Factory, Key, Entity, State, Order, Billing, Locking
Impl, Factory, Key, Entity, State, Order, Goods
Impl, Factory, Key, Entity, State, Order, Goods, Locking
Impl, Factory, Key, Entity, State, Order, Locking
Impl, Factory, Key, Entity, State, Order, Service
Impl, Factory, Key, Entity, State, Order, Service, Locking
Impl, Factory, Key, Entity, State, Order, Total
Impl, Factory, Key, Entity, State, Order, Total, Locking
Impl, Factory, Key, Entry, Fulfillment
Impl, Factory, Key, Feature, Item, Order, Billing
Impl, Factory, Key, Feature, Item, Order, Fulfillment
Impl, Factory, Key, Feature, Item, Order, Goods
Impl, Factory, Key, Feature, Item, Order, Service
Impl, Factory, Key, Feature, Item, Order, Total
Impl, Factory, Key, File, BASOL
Impl, Factory, Key, Impairment
Impl, Factory, Key, Info, Timer
Impl, Factory, Key, Instructions, Payment
Impl, Factory, Key, Item, Order, Billing
Impl, Factory, Key, Item, Order, Fulfillment
Impl, Factory, Key, Item, Order, Goods
Impl, Factory, Key, Item, Order, Service
Impl, Factory, Key, Item, Order, Total
Impl, Factory, Key, Map, Order, Fulfillment
Impl, Factory, Key, Mapping, SSN
Impl, Factory, Key, Note, Item, Order, Billing
Impl, Factory, Key, Note, Item, Order, Fulfillment
Impl, Factory, Key, Note, Item, Order, Goods
Impl, Factory, Key, Note, Item, Order, Service
Impl, Factory, Key, Note, Item, Order, Total
Impl, Factory, Key, Object, Storing
Impl, Factory, Key, Order, Billing
Impl, Factory, Key, Order, Fulfillment
Impl, Factory, Key, Order, Goods
Impl, Factory, Key, Order, Service
Impl, Factory, Key, Order, Total
Impl, Factory, Key, Party
Impl, Factory, Key, Point, Service
Impl, Factory, Key, Requests, Disable, Interface
Impl, Factory, Mapping, SSN
Impl, Factory, Object, Storing
Impl, Factory, Order
Impl, Factory, Order, Billing
Impl, Factory, Order, Fulfillment
Impl, Factory, Order, Goods
Impl, Factory, Order, Service
Impl, Factory, Order, Total
Impl, Factory, Party
Impl, Factory, Payment
Impl, Factory, Point, Service
Impl, Factory, Product
Impl, Factory, Proxy, JVT
Impl, Factory, Requests, Disable, Interface
Impl, Factory, Response, Order
Impl, Factory, Utility
Impl, Handler, Task, Timer
Impl, Key, Account, Billing
Impl, Key, Account, Service
Impl, Key, Address, Name
Impl, Key, Agent, Team, Sales
Impl, Key, Appointment
Impl, Key, Attribute, Entity, State, Order
Impl, Key, Attribute, Order
Impl, Key, Attribute, Order, Billing
Impl, Key, Attribute, Order, Fulfillment
Impl, Key, Attribute, Order, Goods
Impl, Key, Attribute, Order, Service
Impl, Key, Attribute, Order, Total
Impl, Key, Change, State, Order
Impl, Key, Check, Card
Impl, Key, Contact, Roled, Item, Order
Impl, Key, Contact, Roled, Item, Order, Billing
Impl, Key, Contact, Roled, Item, Order, Fulfillment
Impl, Key, Contact, Roled, Item, Order, Goods
Impl, Key, Contact, Roled, Item, Order, Service
Impl, Key, Contact, Roled, Item, Order, Total
Impl, Key, Control, Interface
Impl, Key, Credentials, SIP
Impl, Key, Entity, State, Order
Impl, Key, Entity, State, Order, Billing
Impl, Key, Entity, State, Order, Billing, Locking
Impl, Key, Entity, State, Order, Goods
Impl, Key, Entity, State, Order, Goods, Locking
Impl, Key, Entity, State, Order, Locking
Impl, Key, Entity, State, Order, Service
Impl, Key, Entity, State, Order, Service, Locking
Impl, Key, Entity, State, Order, Total
Impl, Key, Entity, State, Order, Total, Locking
Impl, Key, Entry, Fulfillment
Impl, Key, Feature, Item, Order
Impl, Key, Feature, Item, Order, Billing
Impl, Key, Feature, Item, Order, Fulfillment
Impl, Key, Feature, Item, Order, Goods
Impl, Key, Feature, Item, Order, Service
Impl, Key, Feature, Item, Order, Total
Impl, Key, File, BASOL
Impl, Key, Impairment
Impl, Key, Info, Timer
Impl, Key, Instructions, Payment
Impl, Key, Item, Order, Billing
Impl, Key, Item, Order, Fulfillment
Impl, Key, Item, Order, Goods
Impl, Key, Item, Order, Service
Impl, Key, Item, Order, Total
Impl, Key, Map, Order, Fulfillment
Impl, Key, Mapping, SSN
Impl, Key, Note, Item, Order
Impl, Key, Note, Item, Order, Billing
Impl, Key, Note, Item, Order, Fulfillment
Impl, Key, Note, Item, Order, Goods
Impl, Key, Note, Item, Order, Service
Impl, Key, Note, Item, Order, Total
Impl, Key, Object, Storing
Impl, Key, Order, Billing
Impl, Key, Order, Fulfillment
Impl, Key, Order, Goods
Impl, Key, Order, Service
Impl, Key, Order, Total
Impl, Key, Party
Impl, Key, Point, Service
Impl, Key, Requests, Disable, Interface
Impl, Manager, Task, Timer
Impl, Manager, Timer, Polling
Impl, Mock, Remote, Manager, Timer, Polling
Impl, Proxy, Factory, Key, Entity, Managed
Impl, Response
Impl, Value, Account
Impl, Value, Account, Billing
Impl, Value, Account, Service
Impl, Value, Address, Name
Impl, Value, Agent, Team, Sales
Impl, Value, Aggregation, Product
Impl, Value, Appointment
Impl, Value, Association, Feature
Impl, Value, Association, Feature, Product
Impl, Value, Association, Fulfillment
Impl, Value, Association, Fulfillment, Feature
Impl, Value, Association, Product
Impl, Value, Attribute, Entity, State, Order
Impl, Value, Attribute, Order
Impl, Value, Attribute, Order, Billing
Impl, Value, Attribute, Order, Fulfillment
Impl, Value, Attribute, Order, Goods
Impl, Value, Attribute, Order, Service
Impl, Value, Attribute, Order, Total
Impl, Value, Card
Impl, Value, Change, State, Order
Impl, Value, Check, Card
Impl, Value, Contact, Roled, Item, Order
Impl, Value, Contact, Roled, Item, Order, Billing
Impl, Value, Contact, Roled, Item, Order, Fulfillment
Impl, Value, Contact, Roled, Item, Order, Goods
Impl, Value, Contact, Roled, Item, Order, Service
Impl, Value, Contact, Roled, Item, Order, Supplier
Impl, Value, Contact, Roled, Item, Order, Total
Impl, Value, Control, Interface
Impl, Value, Credentials, SIP
Impl, Value, Entity, State, Order
Impl, Value, Entity, State, Order, Billing
Impl, Value, Entity, State, Order, Billing, Locking
Impl, Value, Entity, State, Order, Goods
Impl, Value, Entity, State, Order, Goods, Locking
Impl, Value, Entity, State, Order, Locking
Impl, Value, Entity, State, Order, Service
Impl, Value, Entity, State, Order, Service, Locking
Impl, Value, Entity, State, Order, Supplier
Impl, Value, Entity, State, Order, Total
Impl, Value, Entity, State, Order, Total, Locking
Impl, Value, Entity, Stateful
Impl, Value, Entry, Fulfillment
Impl, Value, Feature
Impl, Value, Feature, Item, Order
Impl, Value, Feature, Item, Order, Billing
Impl, Value, Feature, Item, Order, Fulfillment
Impl, Value, Feature, Item, Order, Goods
Impl, Value, Feature, Item, Order, Service
Impl, Value, Feature, Item, Order, Supplier
Impl, Value, Feature, Item, Order, Total
Impl, Value, File, BASOL
Impl, Value, Fulfillment, Item, Order, Fulfillment
Impl, Value, Impairment
Impl, Value, Info, Timer
Impl, Value, Instructions, Payment
Impl, Value, Item, Order
Impl, Value, Item, Order, Billing
Impl, Value, Item, Order, Fulfillment
Impl, Value, Item, Order, Goods
Impl, Value, Item, Order, Service
Impl, Value, Item, Order, Supplier
Impl, Value, Item, Order, Total
Impl, Value, Map, Order, Fulfillment
Impl, Value, Mapping, SSN
Impl, Value, Message, Error, Order
Impl, Value, Note, Item, Order
Impl, Value, Note, Item, Order, Billing
Impl, Value, Note, Item, Order, Fulfillment
Impl, Value, Note, Item, Order, Goods
Impl, Value, Note, Item, Order, Service
Impl, Value, Note, Item, Order, Supplier
Impl, Value, Note, Item, Order, Total
Impl, Value, Num, Seq, And, Num, Uniq, With, Object, Storing, Query
Impl, Value, Num, Uniq, With, Object, Storing, Query
Impl, Value, Object, Storing
Impl, Value, Order
Impl, Value, Order, Billing
Impl, Value, Order, Fulfillment
Impl, Value, Order, Goods
Impl, Value, Order, Service
Impl, Value, Order, Supplier
Impl, Value, Order, Total
Impl, Value, Party
Impl, Value, Person
Impl, Value, Point, Service
Impl, Value, Product
Impl, Value, Requests, Disable, Interface
Impl, Value, Response, Features, Item, Order
Impl, Value, Response, Item, Order
Impl, Value, Response, Order
Impl, Value, Soset, With, Object, Storing, Query
Impl, Value, Type, Association, Feature, Product
Impl, Value, Type, Association, Product
Info, Component
Info, Destination, Event
Info, Event
Info, Message
Info, Registry
Info, Timer
Info, Timer
Info, Trigger
Info, Trigger
Information, Interface
Initialise
Instructions, Payment
Interface, Handler, File, GC
Interface, Logger
Internaliser
Internaliser, Exception, BC, Ww, BT
Internaliser, Exception, Check, Card
Internaliser, Exception, FVA, Reach, Open
Internaliser, Exception, ISDN
Internaliser, Exception, ISDN2e
Internaliser, Exception, Order, BTWSTAA
Internaliser, Exception, Order, Billing
Internaliser, Exception, Order, CISP
Internaliser, Exception, Order, Total
Internaliser, Exception, Reach, Open
Internaliser, Exception, SBS, Openreach
Internaliser, Order, Fulfillment
Internaliser, Order, Fulfillment, AIB
Internaliser, Order, Fulfillment, MCSO
Internaliser, Order, Fulfillment, Siebel
Internaliser, Order, Fulfillment, Siebel, One
Internaliser, Order, Fulfillment, View, One
Internaliser, Request, Order, Sales, BTOBSG
Internaliser, Request, Order, Service, ESBMMD
Internaliser, Request, PMF
Internaliser, Response, Ack, MTPA
Internaliser, Response, Acknowledge, MET
Internaliser, Response, Check, Card
Internaliser, Response, Number, Activate, Port, AIB
Internaliser, Response, Order, BALMBOC
Internaliser, Response, Order, BALMFR
Internaliser, Response, Order, Billing
Internaliser, Response, Order, Billing, BAL
Internaliser, Response, Order, CISP, Retail
Internaliser, Response, Order, FVA, Reach, Open
Internaliser, Response, Order, Goods
Internaliser, Response, Order, Goods, ASC
Internaliser, Response, Order, Goods, ESBMSC
Internaliser, Response, Order, MSEO
Internaliser, Response, Order, SBS, Reach, Open
Internaliser, Response, Order, Service
Internaliser, Response, Order, Service, APIGEE
Internaliser, Response, Order, Service, APIGWBOB
Internaliser, Response, Order, Service, APIGWMPACCS
Internaliser, Response, Order, Service, BAFTA
Internaliser, Response, Order, Service, BC, Ww, BT
Internaliser, Response, Order, Service, DNP
Internaliser, Response, Order, Service, ESBMCC
Internaliser, Response, Order, Service, ESBMHHS
Internaliser, Response, Order, Service, ESBMIF
Internaliser, Response, Order, Service, ESBMPA
Internaliser, Response, Order, Service, ESBMSS
Internaliser, Response, Order, Service, ESBMUP
Internaliser, Response, Order, Service, ESBNAQ
Internaliser, Response, Order, Service, ESBORDSSRM
Internaliser, Response, Order, Service, FLOW
Internaliser, Response, Order, Service, IIPMAL
Internaliser, Response, Order, Service, IIPMMDS
Internaliser, Response, Order, Service, IIPMNS
Internaliser, Response, Order, Service, IIPMPACCS
Internaliser, Response, Order, Service, IIPMTPC
Internaliser, Response, Order, Service, IIPMTPS
Internaliser, Response, Order, Service, IIPNETGEM
Internaliser, Response, Order, Service, IIPORCS
Internaliser, Response, Order, Service, ISDN
Internaliser, Response, Order, Service, ISDN2e
Internaliser, Response, Order, Service, KCIM
Internaliser, Response, Order, Service, MCSO
Internaliser, Response, Order, Service, MDD
Internaliser, Response, Order, Service, METB
Internaliser, Response, Order, Service, MNM
Internaliser, Response, Order, Service, MNP
Internaliser, Response, Order, Service, MNUM
Internaliser, Response, Order, Service, MTPA
Internaliser, Response, Order, Service, MTPAQ
Internaliser, Response, Order, Service, OSCAR
Internaliser, Response, Order, Service, RBSC
Internaliser, Response, Order, Service, Reach, Open
Internaliser, Response, Order, Service, SAS
Internaliser, Response, Order, Service, SAT
Internaliser, Response, Order, Service, Sentry, OR
Internaliser, Response, Order, Service, TSG
Internaliser, Response, Order, Service, UESCD
Internaliser, Response, Order, Total
Internaliser, Response, Order, Total, AIB
Internaliser, Response, Order, Work
Internaliser, Response, Service, Added, Value, BTWSTAA
Internaliser, Response, Service, BBVOSS
Internaliser, Response, Service, CISP
Internaliser, Response, Service, OSS, Nev, BT
Internaliser, Response, Service, RIOSS
Internaliser, Response, Update, Order, Service, MET
Internaliser, Result, Check, Card
Inuse, By, Credentials, SIP, Query
Item, Order
Item, Order, Billing
Item, Order, Fulfillment
Item, Order, Goods
Item, Order, Service
Item, Order, Total
Item, Sort, And, Filter
Item, Sort, And, Filter
Items, Fulfilled, Non, On, Statuses, Update
Items, Response, METB, Process
Iterator, Value, Entity, Managed, Local
Iterator, Value, Order
Key, Account, Billing
Key, Account, Service
Key, Address, Name
Key, Agent, Team, Sales
Key, Appointment
Key, Attribute, Entity, State, Order
Key, Attribute, Order
Key, Attribute, Order, Billing
Key, Attribute, Order, Fulfillment
Key, Attribute, Order, Goods
Key, Attribute, Order, Service
Key, Attribute, Order, Total
Key, Change, State, Order
Key, Check, Card
Key, Contact, Roled, Item, Order
Key, Contact, Roled, Item, Order, Billing
Key, Contact, Roled, Item, Order, Fulfillment
Key, Contact, Roled, Item, Order, Goods
Key, Contact, Roled, Item, Order, Service
Key, Contact, Roled, Item, Order, Total
Key, Control, Interface
Key, Entity
Key, Entity, Lockable
Key, Entity, State, Order
Key, Entity, State, Order, Billing
Key, Entity, State, Order, Billing, Locking
Key, Entity, State, Order, Billing, With, Orders, Billing, Query
Key, Entity, State, Order, Goods
Key, Entity, State, Order, Goods, Locking
Key, Entity, State, Order, Goods, With, Orders, Goods, Query
Key, Entity, State, Order, Locking
Key, Entity, State, Order, Service
Key, Entity, State, Order, Service, Locking
Key, Entity, State, Order, Service, With, Orders, Service, Query
Key, Entity, State, Order, Supplier
Key, Entity, State, Order, Total
Key, Entity, State, Order, Total, Locking
Key, Entity, State, Order, Total, With, Orders, Total, Query
Key, Entity, Stateful
Key, Entry, Fulfillment
Key, Entry, Fulfillment, With, Order, Fulfillment, Query
Key, Feature, Item, Order
Key, Feature, Item, Order, Billing
Key, Feature, Item, Order, Fulfillment
Key, Feature, Item, Order, Goods
Key, Feature, Item, Order, Service
Key, Feature, Item, Order, Total
Key, Feature, Previous, With, Feature, Fulfillment, Query
Key, File, BASOL
Key, Impairment
Key, Info, Event
Key, Info, Timer
Key, Instructions, Payment
Key, Item, Order
Key, Item, Order, Billing
Key, Item, Order, Fulfillment
Key, Item, Order, Goods
Key, Item, Order, Previous, With, Item, Order, Fulfillment, Query
Key, Item, Order, Service
Key, Item, Order, Total
Key, Item, Order, With, Feature, Fulfillment, Query
Key, Map, Item, Ful, Builder, Order, Child
Key, Map, Item, Order, Fulfillment
Key, Map, Order, Fulfillment
Key, Mapping, SSN
Key, Note, Item, Order
Key, Note, Item, Order, Billing
Key, Note, Item, Order, Fulfillment
Key, Note, Item, Order, Goods
Key, Note, Item, Order, Service
Key, Note, Item, Order, Total
Key, Object, Storing
Key, Order
Key, Order, Billing
Key, Order, Fulfillment
Key, Order, Fulfillment, With, Entity, State, Order, Query
Key, Order, Goods
Key, Order, Service
Key, Order, Supplier
Key, Order, Supplier, With, Checks, Card, Query
Key, Order, Supplier, With, Entity, State, Order, Billing, Query
Key, Order, Supplier, With, Entity, State, Order, Goods, Query
Key, Order, Supplier, With, Entity, State, Order, Service, Query
Key, Order, Supplier, With, Entity, State, Order, Total, Query
Key, Order, Total
Key, Order, With, Checks, Card, Query
Key, Order, With, Entry, Fulfillment, Query
Key, Party
Key, Point, Service
Key, Requests, Disable, Interface
Keyable
Line, Command
List, Category
List, Detail, Number
List, Event
List, Event, Encoding, Memory, In
List, Event, Entity
List, Event, Memory, In
List, Model, State, Build
List, Order
List, Parameter
List, Query
List, Report
Listener, Mouse, Move, Component
Listener, Timer
Lists, Model, Fulfillment, Resolve
Loader, Folder
Loader, Properties
Loader, Registry
Loader, Registry
Loader, Registry
Loader, Registry
Loader, Registry
Loader, Registry
Loader, Registry
Loader, Registry
Loader, Registry
Logger
Logger, Event, KCI, Custom
Lookup, Expander, Property
Lookup, Map, Expander, Property
Lookup, Map, JVT, Expander, Property
Lookup, Properties, Expander, Property
Lookup, Registry, System, Expander, Property
MF, Boolean
MF, Compare
MF, Copy
MF, Date
MF, Function, Path, X
MF, General
MF, Maths
MF, Table
Machine, State, Finite
Macro
Macro
Management, OFS
Management, Product
Manager, Entity
Manager, Entity, Stub
Manager, Query
Manager, Report
Manager, Timer
Manager, Timer, Polling
Manager, Trust, X509, Easy
Map, Data, Assignment, Feature
Map, Data, Assignments, Feature
Map, Data, Catalog
Map, Data, Config, Mapping
Map, Data, Dependency
Map, Data, Feature
Map, Data, Fulfillment
Map, Data, Key
Map, Data, List, Key
Map, Data, List, Variable
Map, Data, Mapping
Map, Data, Model, Fulfillment
Map, Data, Model, Supplier
Map, Data, Override, Assignment, Feature
Map, Data, Overrides, Assignment, Feature
Map, Data, PPM
Map, Data, Parameter
Map, Data, Product, Supplier
Map, Data, Set, Assignment, Feature
Map, Data, Set, Dependency
Map, Data, Set, Feature
Map, Data, Set, List, Key
Map, Data, Set, Override, Assignment, Feature
Map, Data, Set, Target
Map, Data, Sets, Target
Map, Data, Supplier
Map, Data, Target
Map, Data, Variable
Map, Item, Order, Fulfillment
Map, Message, Loggable
Map, Order, Fulfillment
Map, Ordered
Map, Table
Map, Value
Mapping, Model, State, Fulfillment, Get
Mapping, Model, State, Supplier, Get
Mapping, SSN
Mappings, Model, State, Fulfillment, Get
Message
Message, PMF
Model, Order, OSS
Model, State
Model, Table, Results, Query
Model, Tree, JDOM
Name, Interface, By, Control, Interface, Query
No, Seq, Id, Order, Client, Id, Client, With, Entity, State, Order, Query
Node, Product, Build
Node, Root, Attach
Node, Root, Detach
Note, Item, Order
Note, Item, Order, Billing
Note, Item, Order, Fulfillment
Note, Item, Order, Goods
Note, Item, Order, Service
Note, Item, Order, Total
Number, Serial, SIM, Short, With, Mapping, SSN, Query
Number, Serial, SIM, With, Mapping, SSN, Query
Number, Version, ID, Supplier, ID, Order, Client, With, Orders, Billing, Query
Number, Version, ID, Supplier, ID, Order, Client, With, Orders, Goods, Query
Number, Version, ID, Supplier, ID, Order, Client, With, Orders, Service, Query
Number, Version, ID, Supplier, ID, Order, Client, With, Orders, Total, Query
Object, Storing
Operand
Operation
Operator, And
Operator, Logical
Operator, Not
Operator, Or
Order
Order, Billing
Order, Fail
Order, Fulfillment
Order, Goods
Order, Restart
Order, Restart
Order, Resubmit
Order, Resume
Order, Resume
Order, Service
Order, Supplier
Order, Total
Order, View
Orderable
Overridable
Override
PCK
Packager
Packager, AIB
Packager, APIGEE
Packager, APIGWBOB
Packager, APIGWMPACCS
Packager, ASC
Packager, B, B2
Packager, BAFTA
Packager, BAL
Packager, BBVOSS
Packager, BTOBSG
Packager, BTWSTAA
Packager, CISP
Packager, CISP, Retail
Packager, CMI
Packager, DNP
Packager, ESBMCC
Packager, ESBMHHS
Packager, ESBMIF
Packager, ESBMMD
Packager, ESBMPA
Packager, ESBMSC
Packager, ESBMSS
Packager, ESBMUP
Packager, ESBNAQ
Packager, ESBORDSSRM
Packager, FLOW
Packager, FVA, Openreach
Packager, IIPMAL
Packager, IIPMMDS
Packager, IIPMNS
Packager, IIPMPACCS
Packager, IIPMTPC
Packager, IIPMTPS
Packager, IIPNETGEM
Packager, IIPORCS
Packager, ISDN2e
Packager, ISDN30
Packager, KCIM
Packager, MCSO
Packager, MDD
Packager, MET
Packager, METB
Packager, MNM
Packager, MNP
Packager, MNUM
Packager, MSEO
Packager, MTPA
Packager, OSCAR
Packager, OSS, Nev, BT
Packager, PMF
Packager, Port, AIB
Packager, RAP
Packager, RBSC
Packager, RIOSS
Packager, Reach, Open
Packager, SAS
Packager, SAT
Packager, SBS, Openreach
Packager, SOAP
Packager, Sentry, OR
Packager, Siebel
Packager, Siebel, One
Packager, TSG
Packager, UESCD
Packager, View, One
Packager, Vitria
Pair, State, Model
Pair, Target, Source, Fulfill
Parameter
Parameter
Parameter, Map, Data
Parser, Expression, Logical
Parser, Map, Value
Party
Path, Relative, Resolver, Entity, Loader, Class
Pipeline
Point, Service
Post, Http
Printf
Process
Process, Attribute, Entity, State, Order, Store
Process, Attribute, Order, Reset
Process, Attributes, Order, Track, Fast, Copy
Process, Based, Access, Attribute
Process, Billing, Resume
Process, Check, Card
Process, Check, Card, Initiate
Process, Check, Card, Start
Process, Code, Product, For, Items, Order, Count
Process, Condition, Based, Feature, Supplier
Process, Condition, Based, Product
Process, Condition, Based, Proposition
Process, Condition, Based, Proposition, Supplier
Process, Condition, Set
Process, Control, Interface
Process, Coordination, Orders, Fulfillment
Process, Database, From, Features, Sales, Set
Process, Entities, State, Order, Amend, And, Check
Process, Entities, State, Order, Create
Process, Entities, State, Order, Resume, And, Check
Process, Entities, State, Order, Start, And, Check
Process, Entity, From, Key, State, Order, Get
Process, Entity, Read
Process, Entity, Update
Process, Entries, Fulfillment, Query
Process, Entry, Fulfillment, Query
Process, Error, An, Log
Process, Error, Event, Amendment, Log
Process, Error, Fulfillment
Process, Error, Log
Process, Evaluator, Expression, Logical
Process, Event, Change, State, Billing, Generate
Process, Event, Change, State, Fulfillment, Generate
Process, Event, Change, State, Generate
Process, Event, Change, State, Goods, Generate
Process, Event, Change, State, Service, Added, Value, Generate
Process, Event, Change, State, Service, Generate
Process, Event, Change, State, Total, Generate
Process, Event, Change, State, Work, Generate
Process, Event, From, Key, Entry, Fulfillment, Get
Process, Event, From, Key, Order, Get
Process, Event, From, Key, State, Order, Get
Process, Event, From, Order, Get
Process, Event, Intermediate, Billing, Generate
Process, Event, Intermediate, Goods, Generate
Process, Event, Intermediate, Service, Added, Value, Generate
Process, Event, Intermediate, Service, Generate
Process, Event, Intermediate, Total, Generate
Process, Event, Intermediate, Work, Generate
Process, Event, Publish
Process, Event, Status, Amendment, Send
Process, Event, Status, Amendment, Send
Process, Event, Status, Amendment, Send
Process, Exists, Order, Sales
Process, Expired, Order, Work
Process, Feature, Supplier, Persist
Process, Feature, Supplier, Update
Process, Feature, Supplier, Update, MTPA
Process, Feature, Supplier, Update, MTPAQ
Process, Features, Sales, Set
Process, Features, Supplier, Mapped, Refresh
Process, Field, Evaluate
Process, Fulfillment, Billing, Finalise
Process, Fulfillment, Billing, Resume
Process, Fulfillment, Billing, Start
Process, Fulfillment, Billing, Start
Process, Fulfillment, Complete
Process, Fulfillment, Goods, Finalise
Process, Fulfillment, Goods, Resume
Process, Fulfillment, Goods, Start
Process, Fulfillment, Goods, Start
Process, Fulfillment, Order, Billing, Complete
Process, Fulfillment, Order, Goods, Complete
Process, Fulfillment, Order, Service, Complete
Process, Fulfillment, Order, Total, Complete
Process, Fulfillment, Order, Work, Complete
Process, Fulfillment, Order, Work, Resume
Process, Fulfillment, Previous, Check
Process, Fulfillment, Service, Added, Value, Complete
Process, Fulfillment, Service, Added, Value, Finalise
Process, Fulfillment, Service, Added, Value, Resume
Process, Fulfillment, Service, Added, Value, Start
Process, Fulfillment, Service, Added, Value, Start
Process, Fulfillment, Service, Finalise
Process, Fulfillment, Service, Resume
Process, Fulfillment, Service, Start
Process, Fulfillment, Service, Start
Process, Fulfillment, Total, Finalise
Process, Fulfillment, Total, Resume
Process, Fulfillment, Total, Start
Process, Fulfillment, Total, Start
Process, Fulfillment, Work, Finalise
Process, Fulfillment, Work, Start
Process, Fulfillment, Work, Start
Process, Goods, Resume
Process, Handler, Event, Completion, Post, Reach, Open
Process, Ignored, Response, Check
Process, Item, Order, In, Features, Locate
Process, Item, Order, Supplier, Update
Process, Items, Order, On, Values, Feature, Update
Process, Items, Order, Sort
Process, Message, Trace, Log
Process, Model, Master, Restart
Process, Models, State, Filter
Process, Null
Process, Null
Process, Null
Process, Null
Process, Order, Amend, Start
Process, Order, Amend, Store
Process, Order, Amendment
Process, Order, Amendment
Process, Order, Amendment
Process, Order, Chain
Process, Order, Child, Validate
Process, Order, Create
Process, Order, Create
Process, Order, Create
Process, Order, Create
Process, Order, Create
Process, Order, Create
Process, Order, Delayed, Start
Process, Order, Fail
Process, Order, Fail, Billing
Process, Order, Fail, Fulfillment
Process, Order, Fail, Goods
Process, Order, Fail, Service
Process, Order, Fail, Service, Added, Value
Process, Order, Fail, Total
Process, Order, Fail, Work
Process, Order, In, Item, Order, Locate
Process, Order, Recover, Start
Process, Order, Restart
Process, Order, Start
Process, Order, Start
Process, Order, Start
Process, Order, Start
Process, Order, Start
Process, Order, Start
Process, Order, Start, And, Create
Process, Order, Start, And, Create
Process, Order, Start, And, Create
Process, Order, Start, And, Create
Process, Order, Supplier, Back, Roll
Process, Order, Supplier, Back, Roll
Process, Order, Supplier, Back, Roll
Process, Order, Supplier, Update
Process, Order, Validate
Process, Order, Work, Resume
Process, Products, PPV, Identify
Process, Progression, Identify
Process, Progression, Identify
Process, Properties, Event, Update
Process, Properties, From, Condition, Set
Process, Receipt, Status, Send
Process, Received, Exception
Process, Received, Exception, CISP
Process, Received, Exception, Service
Process, Received, Response
Process, Received, Response
Process, Received, Response
Process, Received, Response
Process, Received, Response, On, Based, Condition, Set
Process, Response, Check, Card, Accept
Process, Response, Order, Amendment
Process, Result, Check, Card, Finalise
Process, Result, Check, Card, Update
Process, Retry, CISP
Process, Service, Added, Value, Resume
Process, Service, Resume
Process, State
Process, State, Fulfillment, Finalise
Process, State, Order, Amendment, Check
Process, State, Order, Amendment, Check
Process, State, Order, Child, From, Map, Order, Fulfillment, Update
Process, State, Parked, Existing, Check
Process, States, Order, Amendment, Check
Process, Status, Order, Amend, Child, Check
Process, Status, Order, Amendment, Goods, Publish
Process, Status, Order, Amendment, Publish
Process, Status, Order, Amendment, Service, Added, Value, Publish
Process, Status, Order, Amendment, Service, Publish
Process, Status, Order, Amendment, Total, Publish
Process, Status, Order, Child, Check
Process, Status, Order, Interim, Generate
Process, Status, Order, Interim, Suppress, Set
Process, Stub, Credential, SIP, Encrypt
Process, Time, Date, Timeout, Calculate
Process, Time, Date, Timeout, Calculate
Process, Timeout, From, Key, State, Order, Get
Process, Timer, Cancel
Process, Timer, Existing, Check
Process, Timer, Start
Process, Total, Resume
Process, Transition
Process, Trees, Root, Order, Sales, Rollback
Process, Updated, Feature, Supplier
Process, Validate
Process, Validate
Process, Validate
Process, Value, Order, Supplier, Get
Process, Values, Attribute, Order, Update
Products, All, Fulfill
Products, Associated, Get
Products, Get
Products, Related, Configure
Products, Root, Configure
Properties, System
Property, On, Based, Feature, Set
Property, On, Based, Feature, Supplier, set
Provide, Cease, Supplier, Purge
Publisher
Query
Query, Value, Product
Reader, JMS
Received, Response, Exception, BTWSTAA
Receiver, Queue, Message, PMFJMS
Registry
Registry, Calendar
Registry, Component
Registry, Entity
Registry, Event
Registry, Housekeeping
Registry, Interface
Registry, Macro, PMF
Registry, Map, Data
Registry, Model
Registry, Model
Registry, PMS
Registry, Reload
Registry, Report
Registry, System
Reload, Registry
Remote, Controller, Component
Remote, Controller, FSM
Remote, Controller, PMF
Remote, Manager, Entity
Remote, Manager, Timer, Polling
Remote, Publisher
Renderer, Cell, Tree, JDOM
Report
Report, Activity, JMS
Report, Archive
Report, Generate
Reporter, Activity, JMS
Reporter, Component, OFS
Reporter, OFSTPT
Reporter, Throughput, OFS
Reports, Daily
Requests, Disable, Interface
Resolver, Entity
Resolver, Entity, Loader, Class
Response
Results, Query
Row
Rule
Rule, General
Runner
Scanner, Map, Value
Searcher, Env, EJB
Selection
Sender, Queue, Message, PMFJMS
Sequence, Model
Service, Console
Servlet, PMF
Servlet, Polling
Session, Entity, State, Order, JVT
Session, Order, Billing, JVT
Session, Order, Fulfillment, JVT
Session, Order, Goods, JVT
Session, Order, JVT
Session, Order, Service, JVT
Session, Order, Supplier, JVT
Session, Order, Total, JVT
Set, Ordered
Sorter, Table
Stamped, Time
State
State, And, Id, Order, Client, Id, Client, With, States, Order, Goods, Query
State, And, Id, Order, Client, Id, Client, With, States, Order, Service, Query
State, And, Stamp, Time, Creation, With, Order, Fulfillment, Query
State, Check, Card
State, Encoded
State, Final
State, Final, Failure
State, Final, Success
State, Initial
State, Model, Nested
State, Order
State, Timeout
Status, Response
Store, Password
Supplier, For, Process, Features, Sales, Set
Table
Table, Control, Interface
Tactical, Nelson
Target, Macro
Task, Callback, Handler
Task, Timer, Test
Thread, Polling
Thread, Polling
Thread, Reader
Threading, Implement
Threading, Multi, Impl
Time, Jeopardy
Timer
Token, Map, Value
Tokenizer
Tokenizer
Tool, Report, GC
Transaction, E, E2
Transform
Transition, State
Transport
Transport, HTTP
Transport, HTTP, Inner
Transport, JMS
Transport, JMS, Inner
Type, And, ID, Order, Client, With, Entrys, Fulfillment, Query
Type, And, Key, Order, Child, With, Entrys, Fulfillment, Query
Type, And, Key, Order, Fulfillment, With, Entrys, Fulfillment, Query
Type, Fulfillment
Type, Value
Type, Value, Entity
Type, Value, Entity, Lockable
Type, Value, Entity, Stateful
Up, Look, JVT, Expander, Property
Update, Features, Supplier, Gen, PMF
Util, Array, Byte
Util, Castor
Util, Date
Util, EJB
Util, EVT
Util, Exec
Util, Externaliser, OR
Util, Externaliser, Order
Util, Externaliser, Response, Openworld
Util, Id, Caller
Util, Id, Unique
Util, Injection, KCI
Util, Internaliser, Response, Order
Util, JVT
Util, Locking, Entity
Util, Logging, Message
Util, Number
Util, Order
Util, Process, Time, Date, Timeout, Calculate
Util, Product
Util, Reflection
Util, String
Util, Timer
Util, Transaction
Util, Transformer
Util, Weblogic
Util, XML
Utils, Auth, O
V1_3, Impl, Handler, File, GC
Validator, Order, Fulfillment
Value, Account
Value, Account, Billing
Value, Account, Goods
Value, Account, Service
Value, Account, Total
Value, Address, Name
Value, Agent, Team, Sales
Value, Aggregation, Product
Value, All, Credentials, SIP, Query
Value, All, Info, Timer, Query
Value, Applicability, Feature, Product
Value, Appointment
Value, Association, Feature
Value, Association, Feature, Product
Value, Association, Feature, Product, Add
Value, Association, Feature, Product, Change
Value, Association, Feature, Product, Delete
Value, Association, Feature, Product, Unchanged
Value, Association, Fulfillment
Value, Association, Fulfillment, Feature
Value, Association, Product
Value, Association, Product, Add
Value, Association, Product, Change
Value, Association, Product, Delete
Value, Association, Product, Unchanged
Value, Attribute, Entity, State, Order
Value, Attribute, Order
Value, Attribute, Order, Billing
Value, Attribute, Order, Fulfillment
Value, Attribute, Order, Goods
Value, Attribute, Order, Service
Value, Attribute, Order, Total
Value, Calendar
Value, Card
Value, Change, State, Order
Value, Check, Card
Value, Contact, Roled, Item, Order
Value, Contact, Roled, Item, Order, Billing
Value, Contact, Roled, Item, Order, Fulfillment
Value, Contact, Roled, Item, Order, Goods
Value, Contact, Roled, Item, Order, Service
Value, Contact, Roled, Item, Order, Supplier
Value, Contact, Roled, Item, Order, Total
Value, Control, Interface
Value, Credentials, SIP
Value, Data, User, By, Info, Timer, Query
Value, Dependency, Feature, Product
Value, Dependency, Product
Value, Entity, Client
Value, Entity, Client, Stateful
Value, Entity, State, Order
Value, Entity, State, Order, Billing
Value, Entity, State, Order, Billing, Locking
Value, Entity, State, Order, Goods
Value, Entity, State, Order, Goods, Locking
Value, Entity, State, Order, Locking
Value, Entity, State, Order, Service
Value, Entity, State, Order, Service, Locking
Value, Entity, State, Order, Supplier
Value, Entity, State, Order, Total
Value, Entity, State, Order, Total, Locking
Value, Entry, Fulfillment
Value, Expired, By, Info, Timer, Query
Value, Feature
Value, Feature, Item, Order
Value, Feature, Item, Order, Billing
Value, Feature, Item, Order, Fulfillment
Value, Feature, Item, Order, Goods
Value, Feature, Item, Order, Service
Value, Feature, Item, Order, Supplier
Value, Feature, Item, Order, Total
Value, Feature, Transient
Value, File, BASOL
Value, Formatted
Value, Fulfillment, Item, Order, Fulfillment
Value, ID, Catalog, And, ID, Supplier, Type, Fulfillment, With, Entrys, Fulfillment, Query
Value, ID, Catalog, And, ID, Supplier, Type, Key, Order, Fulfillment, With, Entrys, Fulfillment, Query
Value, ID, Catalog, And, Type, Key, Order, Fulfillment, With, Entrys, Fulfillment, Query
Value, ID, Check, Card, With, Checks, Card, Query
Value, ID, Client, And, Reference, Order, Customer, With, Orders, Fulfillment, Query
Value, ID, Order, Client, Only, With, Orders, Fulfillment, Query
Value, ID, Order, Client, With, Orders, Billing, Query
Value, ID, Order, Client, With, Orders, Fulfillment, Query
Value, ID, Order, Client, With, Orders, Goods, Query
Value, ID, Order, Client, With, Orders, Service, Query
Value, ID, Order, Client, With, Orders, Total, Query
Value, ID, Order, Supplier, With, Orders, Billing, Query
Value, ID, Order, Supplier, With, Orders, Goods, Query
Value, ID, Order, Supplier, With, Orders, Service, Query
Value, ID, Order, Supplier, With, Orders, Total, Query
Value, ID, Supplier, And, ID, Order, Client, With, Orders, Billing, Query
Value, ID, Supplier, And, ID, Order, Client, With, Orders, Goods, Query
Value, ID, Supplier, And, ID, Order, Client, With, Orders, Service, Query
Value, ID, Supplier, And, ID, Order, Client, With, Orders, Total, Query
Value, ID, Supplier, And, ID, Order, Supplier, With, Orders, Billing, Query
Value, ID, Supplier, And, ID, Order, Supplier, With, Orders, Goods, Query
Value, ID, Supplier, And, ID, Order, Supplier, With, Orders, Service, Query
Value, ID, Supplier, And, ID, Order, Supplier, With, Orders, Total, Query
Value, ID, Supplier, And, Type, Key, Order, Fulfillment, With, Entrys, Fulfillment, Query
Value, Impairment
Value, Incompatibility, Feature, Product
Value, Info, Timer
Value, Inheritence, Product
Value, Instructions, Payment
Value, Interaction, Feature, Product
Value, Inuse, By, Credentials, SIP, Query
Value, Item, Order
Value, Item, Order, Billing
Value, Item, Order, Fulfillment
Value, Item, Order, Goods
Value, Item, Order, Previous, With, Item, Order, Fulfillment, Query
Value, Item, Order, Service
Value, Item, Order, Supplier
Value, Item, Order, Total
Value, Key, Entity, State, Order, Billing, With, Orders, Billing, Query
Value, Key, Entity, State, Order, Goods, With, Orders, Goods, Query
Value, Key, Entity, State, Order, Service, With, Orders, Service, Query
Value, Key, Entity, State, Order, Total, With, Orders, Total, Query
Value, Key, Entry, Fulfillment, With, Order, Fulfillment, Query
Value, Key, Feature, Previous, With, Feature, Fulfillment, Query
Value, Key, Item, Order, With, Feature, Fulfillment, Query
Value, Key, Order, Fulfillment, With, Entity, State, Order, Query
Value, Key, Order, Supplier, With, Checks, Card, Query
Value, Key, Order, Supplier, With, Entity, State, Order, Billing, Query
Value, Key, Order, Supplier, With, Entity, State, Order, Goods, Query
Value, Key, Order, Supplier, With, Entity, State, Order, Service, Query
Value, Key, Order, Supplier, With, Entity, State, Order, Total, Query
Value, Key, Order, With, Checks, Card, Query
Value, Key, Order, With, Entry, Fulfillment, Query
Value, Map, Item, Order, Fulfillment
Value, Map, Order, Fulfillment
Value, Mapping, SSN
Value, Message, Error, Order
Value, Message, Error, Order, Billing
Value, Name, Interface, By, Control, Interface, Query
Value, No, Seq, Id, Order, Client, Id, Client, With, Entity, State, Order, Query
Value, Note
Value, Note, Item, Order
Value, Note, Item, Order, Billing
Value, Note, Item, Order, Fulfillment
Value, Note, Item, Order, Goods
Value, Note, Item, Order, Service
Value, Note, Item, Order, Supplier
Value, Note, Item, Order, Total
Value, Num, Seq, And, Num, Uniq, With, Object, Storing, Query
Value, Num, Uniq, With, Object, Storing, Query
Value, Number, Serial, SIM, Short, With, Mapping, SSN, Query
Value, Number, Serial, SIM, With, Mapping, SSN, Query
Value, Number, Telephone
Value, Number, Version, ID, Supplier, ID, Order, Client, With, Orders, Billing, Query
Value, Number, Version, ID, Supplier, ID, Order, Client, With, Orders, Goods, Query
Value, Number, Version, ID, Supplier, ID, Order, Client, With, Orders, Service, Query
Value, Number, Version, ID, Supplier, ID, Order, Client, With, Orders, Total, Query
Value, Object, Storing
Value, Order
Value, Order, Billing
Value, Order, Fulfillment
Value, Order, Goods
Value, Order, Service
Value, Order, Supplier
Value, Order, Total
Value, Parameter
Value, Party
Value, Person
Value, Point, Service
Value, Price
Value, Product
Value, Quantity
Value, Query
Value, Requests, Disable, Interface
Value, Response, Features, Item, Order
Value, Response, Item, Order
Value, Response, Order
Value, Soset, With, Object, Storing, Query
Value, State, And, Id, Order, Client, Id, Client, With, States, Order, Goods, Query
Value, State, And, Id, Order, Client, Id, Client, With, States, Order, Service, Query
Value, State, And, Stamp, Time, Creation, With, Order, Fulfillment, Query
Value, Type, And, ID, Order, Client, With, Entrys, Fulfillment, Query
Value, Type, And, Key, Order, Child, With, Entrys, Fulfillment, Query
Value, Type, And, Key, Order, Fulfillment, With, Entrys, Fulfillment, Query
Value, Type, Association, Feature, Product
Value, Type, Association, Product
Values, Substatus, Status
Verifier, Hostname, X509, Easy
Viewer, Model
Viewer, Report
Viewer, XML
Worker, Polling
Wrapper, Data, E, E2
Wrapper, JMS
Wrapper, JMS, Inner
Zipper



----------
Max length: 14
Value, ID, Catalog, And, ID, Supplier, Type, Key, Order, Fulfillment, With, Entrys, Fulfillment, Query

Process finished with exit code 0
